-- =============================================
-- Chabad Forum - Seed Data
-- =============================================

-- Admin + sample users (password: 123456 for all)
INSERT INTO users (id, username, email, password_hash, display_name, role, post_count, thread_count, reputation) VALUES
('00000000-0000-0000-0000-000000000001', 'admin', 'admin@chabad-forum.co.il', crypt('123456', gen_salt('bf')), 'מנהל הפורום', 'admin', 50, 15, 500),
('00000000-0000-0000-0000-000000000002', 'rebbe_student', 'student@example.com', crypt('123456', gen_salt('bf')), 'תלמיד השליחות', 'moderator', 120, 30, 350),
('00000000-0000-0000-0000-000000000003', 'shliach770', 'shliach@example.com', crypt('123456', gen_salt('bf')), 'שליח מ-770', 'user', 85, 20, 200),
('00000000-0000-0000-0000-000000000004', 'chassid_il', 'chassid@example.com', crypt('123456', gen_salt('bf')), 'חסיד ישראלי', 'user', 65, 12, 150),
('00000000-0000-0000-0000-000000000005', 'tanya_lover', 'tanya@example.com', crypt('123456', gen_salt('bf')), 'לומד תניא', 'user', 45, 8, 100),
('00000000-0000-0000-0000-000000000006', 'mashpia', 'mashpia@example.com', crypt('123456', gen_salt('bf')), 'המשפיע', 'moderator', 200, 45, 600),
('00000000-0000-0000-0000-000000000007', 'tmimi', 'tmimi@example.com', crypt('123456', gen_salt('bf')), 'תמים צעיר', 'user', 30, 5, 50),
('00000000-0000-0000-0000-000000000008', 'baal_teshuva', 'bt@example.com', crypt('123456', gen_salt('bf')), 'בעל תשובה', 'user', 25, 6, 40);

-- Main categories
INSERT INTO categories (id, name, slug, description, icon, color, sort_order, parent_id) VALUES
-- Top-level
('c0000000-0000-0000-0000-000000000001', 'חסידות חב"ד', 'chassidut', 'לימוד חסידות, תניא, מאמרים ושיחות', '📖', '#7c3aed', 1, NULL),
('c0000000-0000-0000-0000-000000000002', 'הלכה ומנהג', 'halacha', 'שולחן ערוך הרב, מנהגי חב"ד, שאלות הלכתיות', '⚖️', '#0891b2', 2, NULL),
('c0000000-0000-0000-0000-000000000003', 'פרשת השבוע', 'parsha', 'דבר מלכות, ליקוטי שיחות, חידושים על הפרשה', '📜', '#16a34a', 3, NULL),
('c0000000-0000-0000-0000-000000000004', 'גמרא ונגלה', 'gemara', 'סוגיות בגמרא, שיעורים, חידושי תורה', '📚', '#ca8a04', 4, NULL),
('c0000000-0000-0000-0000-000000000005', 'מועדי השנה', 'holidays', 'חגים ומועדים, הכנות, מנהגים ושיחות', '🕎', '#ea580c', 5, NULL),
('c0000000-0000-0000-0000-000000000006', 'שליחות ופעילות', 'shlichut', 'שליחות הרבי, מבצעים, פעילות חב"ד', '🌍', '#2563eb', 6, NULL),
('c0000000-0000-0000-0000-000000000007', 'אקטואליה', 'news', 'חדשות, אירועים, עניינים אקטואליים', '📰', '#dc2626', 7, NULL),
('c0000000-0000-0000-0000-000000000008', 'כללי', 'general', 'שונות, הכרויות, עזרה הדדית', '💬', '#64748b', 8, NULL),

-- Sub-categories
('c0000000-0000-0000-0000-000000000011', 'תניא', 'tanya', 'לימוד ודיון בספר התניא', '📖', '#7c3aed', 1, 'c0000000-0000-0000-0000-000000000001'),
('c0000000-0000-0000-0000-000000000012', 'ליקוטי שיחות', 'likkutei-sichot', 'שיחות הרבי מליובאוויטש', '📖', '#7c3aed', 2, 'c0000000-0000-0000-0000-000000000001'),
('c0000000-0000-0000-0000-000000000013', 'מאמרי חסידות', 'maamarim', 'מאמרי חסידות מכל הדורות', '📖', '#7c3aed', 3, 'c0000000-0000-0000-0000-000000000001'),
('c0000000-0000-0000-0000-000000000021', 'שולחן ערוך הרב', 'shulchan-aruch', 'דיונים בשולחן ערוך אדמו"ר הזקן', '⚖️', '#0891b2', 1, 'c0000000-0000-0000-0000-000000000002'),
('c0000000-0000-0000-0000-000000000022', 'מנהגי חב"ד', 'minhagim', 'מנהגי חב"ד ומקורותיהם', '⚖️', '#0891b2', 2, 'c0000000-0000-0000-0000-000000000002'),
('c0000000-0000-0000-0000-000000000061', 'סיפורי שליחות', 'shlichut-stories', 'סיפורים ממרחבי השליחות', '🌍', '#2563eb', 1, 'c0000000-0000-0000-0000-000000000006'),
('c0000000-0000-0000-0000-000000000062', 'מבצעים', 'mivtzaim', 'מבצעי הרבי ופעילויות', '🌍', '#2563eb', 2, 'c0000000-0000-0000-0000-000000000006');

-- Sample threads with first posts
-- Thread 1: Tanya
INSERT INTO threads (id, category_id, user_id, title, slug, reply_count, view_count, like_count, last_post_user_id, last_post_at, created_at)
VALUES ('a0000000-0000-0000-0000-000000000001', 'c0000000-0000-0000-0000-000000000011', '00000000-0000-0000-0000-000000000005', 'פרק א בתניא - שאלה על "בינוני"', 'tanya-ch1-beinoni', 5, 234, 12, '00000000-0000-0000-0000-000000000006', NOW() - INTERVAL '2 hours', NOW() - INTERVAL '3 days');
INSERT INTO posts (thread_id, user_id, content, is_first_post) VALUES
('a0000000-0000-0000-0000-000000000001', '00000000-0000-0000-0000-000000000005', 'שלום לכולם,
בלימוד פרק א'' בתניא, אדמו"ר הזקן מגדיר את הבינוני כמי ש"לא עבר עבירה מימיו".

השאלה שלי: האם הכוונה שמעולם לא חטא, או שמדובר במי שהגיע למדרגה שבה הוא שולט לחלוטין על מעשיו?

מה היחס בין זה לבין מה שכתוב בגמרא "אין צדיק בארץ אשר יעשה טוב ולא יחטא"?', true),
('a0000000-0000-0000-0000-000000000001', '00000000-0000-0000-0000-000000000006', 'שאלה מצוינת! אדמו"ר הזקן מחדש חידוש עצום כאן. הבינוני בתניא הוא לא מה שהגמרא קוראת "בינוני".

הבינוני בתניא = שולט במחשבה דיבור ומעשה, אבל **בלב** עדיין יש לו תאוות. ההבדל הוא שהוא לעולם לא ייתן להם להתבטא בפועל.

זה חידוש מהפכני לעומת הגמרא!', false),
('a0000000-0000-0000-0000-000000000001', '00000000-0000-0000-0000-000000000004', 'מוסיף על דברי המשפיע: בליקוטי שיחות חלק א'' הרבי מסביר שהבינוני הוא לא דרגת ביניים אלא **מדרגה בפני עצמה**. זה לא "חצי צדיק" - זו עבודת ה'' שלמה מסוג אחר.', false);

-- Thread 2: Halacha
INSERT INTO threads (id, category_id, user_id, title, slug, reply_count, view_count, like_count, last_post_user_id, last_post_at, created_at)
VALUES ('a0000000-0000-0000-0000-000000000002', 'c0000000-0000-0000-0000-000000000021', '00000000-0000-0000-0000-000000000004', 'הבדלים בין שו"ע הרב לשו"ע המחבר בהלכות שבת', 'shulchan-aruch-shabbat-diffs', 3, 187, 8, '00000000-0000-0000-0000-000000000002', NOW() - INTERVAL '5 hours', NOW() - INTERVAL '2 days');
INSERT INTO posts (thread_id, user_id, content, is_first_post) VALUES
('a0000000-0000-0000-0000-000000000002', '00000000-0000-0000-0000-000000000004', 'רציתי לפתוח דיון על ההבדלים המשמעותיים בין שולחן ערוך אדמו"ר הזקן לבין השולחן ערוך של ר'' יוסף קארו בהלכות שבת.

למשל, בעניין מלאכת בורר - יש הבדלים מהותיים בהגדרות. מי יכול לפרט?', true),
('a0000000-0000-0000-0000-000000000002', '00000000-0000-0000-0000-000000000002', 'הנושא מרתק. אחד ההבדלים הבולטים הוא בעניין **בורר**: שו"ע הרב מחמיר יותר בהגדרת "אוכל מתוך פסולת".

גם בעניין **מוקצה** יש שינויים - שו"ע הרב נוטה להקל יותר בכלי שמלאכתו לאיסור.', false);

-- Thread 3: Parsha
INSERT INTO threads (id, category_id, user_id, title, slug, reply_count, view_count, like_count, is_pinned, last_post_user_id, last_post_at, created_at)
VALUES ('a0000000-0000-0000-0000-000000000003', 'c0000000-0000-0000-0000-000000000003', '00000000-0000-0000-0000-000000000001', 'דבר מלכות - פרשת השבוע', 'dvar-malchut-weekly', 15, 892, 45, true, '00000000-0000-0000-0000-000000000003', NOW() - INTERVAL '1 hour', NOW() - INTERVAL '30 days');
INSERT INTO posts (thread_id, user_id, content, is_first_post) VALUES
('a0000000-0000-0000-0000-000000000003', '00000000-0000-0000-0000-000000000001', '🕎 **דבר מלכות - פרשת השבוע**

ברוכים הבאים לאשכול הקבוע של דבר מלכות! כל שבוע נשתף כאן את עיקרי שיחת הרבי לפרשת השבוע.

הנושאים שנדון בהם:
- ליקוטי שיחות על הפרשה
- קשר לעבודת ה'' בפועל
- הוראות מעשיות

**מוזמנים להוסיף חידושים ושאלות!**', true);

-- Thread 4: Shlichut
INSERT INTO threads (id, category_id, user_id, title, slug, reply_count, view_count, like_count, last_post_user_id, last_post_at, created_at)
VALUES ('a0000000-0000-0000-0000-000000000004', 'c0000000-0000-0000-0000-000000000061', '00000000-0000-0000-0000-000000000003', 'סיפור מדהים מהשליחות בתאילנד', 'shlichut-thailand-story', 8, 456, 32, '00000000-0000-0000-0000-000000000007', NOW() - INTERVAL '8 hours', NOW() - INTERVAL '1 day');
INSERT INTO posts (thread_id, user_id, content, is_first_post) VALUES
('a0000000-0000-0000-0000-000000000004', '00000000-0000-0000-0000-000000000003', 'רציתי לשתף סיפור שקרה לי בשבוע שעבר בבית חב"ד בתאילנד...

הגיע בחור ישראלי, מאוד רחוק מיהדות, ובדיוק ביום שישי. ישב לסעודת שבת, שמע את הדבר תורה, ופתאום התחיל לבכות.

אמר: "אני כבר 3 שנים מטייל בעולם, בורח מעצמי. היום הרגשתי שהגעתי הביתה."

💛 כוחו של הרבי!', true),
('a0000000-0000-0000-0000-000000000004', '00000000-0000-0000-0000-000000000007', 'וואו, ממש מרגש! יש לי סיפור דומה מבית חב"ד בהודו. הכוח של שליחות זה משהו בלתי רגיל. השליחים הם ממש חיילי הרבי! 💪', false);

-- Thread 5: Gemara
INSERT INTO threads (id, category_id, user_id, title, slug, reply_count, view_count, like_count, last_post_user_id, last_post_at, created_at)
VALUES ('a0000000-0000-0000-0000-000000000005', 'c0000000-0000-0000-0000-000000000004', '00000000-0000-0000-0000-000000000006', 'שיעור יומי בגמרא - מסכת ברכות', 'daily-gemara-brachot', 20, 567, 18, '00000000-0000-0000-0000-000000000005', NOW() - INTERVAL '30 minutes', NOW() - INTERVAL '14 days');
INSERT INTO posts (thread_id, user_id, content, is_first_post) VALUES
('a0000000-0000-0000-0000-000000000005', '00000000-0000-0000-0000-000000000006', '📚 **שיעור יומי - מסכת ברכות**

אשכול זה מוקדש ללימוד היומי במסכת ברכות, בעקבות תקנת הרבי ללמוד רמב"ם יומי.

נתחיל מדף ב'' עמוד א'':
"מאימתי קורין את שמע בערבית?"

הגמרא פותחת בשאלה על הזמן - למה דווקא שמע של ערבית ולא של שחרית? רש"י מסביר...

**הבה נדון בסוגיה!**', true);

-- Thread 6: News
INSERT INTO threads (id, category_id, user_id, title, slug, reply_count, view_count, like_count, last_post_user_id, last_post_at, created_at)
VALUES ('a0000000-0000-0000-0000-000000000006', 'c0000000-0000-0000-0000-000000000007', '00000000-0000-0000-0000-000000000002', 'כינוס השלוחים העולמי - סיכום', 'kinus-hashluchim-summary', 12, 789, 25, '00000000-0000-0000-0000-000000000001', NOW() - INTERVAL '4 hours', NOW() - INTERVAL '5 days');
INSERT INTO posts (thread_id, user_id, content, is_first_post) VALUES
('a0000000-0000-0000-0000-000000000006', '00000000-0000-0000-0000-000000000002', '🌍 **כינוס השלוחים העולמי - סיכום**

השנה השתתפו בכינוס למעלה מ-6,500 שלוחים מ-100 מדינות!

נקודות מרכזיות:
- הרחבת הפעילות באפריקה ודרום אמריקה
- יוזמות חדשות לקירוב צעירים ישראלים
- שיתוף פעולה בין בתי חב"ד ברחבי העולם
- טכנולוגיה בשירות השליחות

**מה דעתכם? אילו נושאים הכי חשובים?**', true);

-- Thread 7: Minhagim
INSERT INTO threads (id, category_id, user_id, title, slug, reply_count, view_count, like_count, last_post_user_id, last_post_at, created_at)
VALUES ('a0000000-0000-0000-0000-000000000007', 'c0000000-0000-0000-0000-000000000022', '00000000-0000-0000-0000-000000000004', 'מנהג חב"ד בנוגע לתספורת ראשונה', 'upsherin-minhag', 6, 312, 10, '00000000-0000-0000-0000-000000000006', NOW() - INTERVAL '12 hours', NOW() - INTERVAL '4 days');
INSERT INTO posts (thread_id, user_id, content, is_first_post) VALUES
('a0000000-0000-0000-0000-000000000007', '00000000-0000-0000-0000-000000000004', 'שלום חברים,

לבני עומדת להיות תספורת ראשונה בל"ג בעומר.

מה המנהג המדויק בחב"ד? האם יש הנחיות ספציפיות מהרבי?

שמעתי שיש עניין לעשות את זה ליד ציון הרשב"י, אבל לא בטוח מה המקור.

תודה! 🙏', true);

-- Thread 8: Holidays
INSERT INTO threads (id, category_id, user_id, title, slug, reply_count, view_count, like_count, last_post_user_id, last_post_at, created_at)
VALUES ('a0000000-0000-0000-0000-000000000008', 'c0000000-0000-0000-0000-000000000005', '00000000-0000-0000-0000-000000000001', 'הכנות לחג הפסח - לוח זמנים ומנהגים', 'pesach-prep-guide', 18, 1245, 55, '00000000-0000-0000-0000-000000000004', NOW() - INTERVAL '6 hours', NOW() - INTERVAL '7 days');
INSERT INTO posts (thread_id, user_id, content, is_first_post) VALUES
('a0000000-0000-0000-0000-000000000008', '00000000-0000-0000-0000-000000000001', '🍷 **מדריך הכנות לפסח - מנהגי חב"ד**

שלום לכולם! הנה מדריך מקיף להכנות לחג הפסח לפי מנהגי חב"ד:

**30 יום לפני:**
- מתחילים ללמוד הלכות פסח
- תכנון המבצעים - חלוקת שמורה

**שבועיים לפני:**
- ניקיון חמץ
- הכנת רשימת קניות

**ערב פסח:**
- בדיקת חמץ
- ביעור חמץ
- הכנת השולחן לסדר

**מנהגים מיוחדים בחב"ד:**
- שלוש מצות שמורה
- ארבע כוסות יין (לא מיץ ענבים)
- לא שורים את המצה (געברוקטס)

**שתפו עוד מנהגים!**', true);

-- Update category counts
UPDATE categories SET thread_count = (SELECT COUNT(*) FROM threads WHERE category_id = categories.id),
                     post_count = (SELECT COUNT(*) FROM posts p JOIN threads t ON p.thread_id = t.id WHERE t.category_id = categories.id);

-- Site settings
INSERT INTO site_settings (key, value) VALUES
('site_name', 'פורום חב"ד'),
('site_description', 'הפורום התורני של חב"ד - חסידות, הלכה, שליחות ועוד'),
('site_logo', '🕎'),
('primary_color', '#1e3a5f'),
('accent_color', '#c9a84c'),
('footer_text', 'פורום חב"ד © כל הזכויות שמורות'),
('footer_links', '[{"label":"בית","url":"/"},{"label":"תקנון הפורום","url":"/terms"},{"label":"מדיניות פרטיות","url":"/privacy"},{"label":"צור קשר","url":"/contact"},{"label":"עזרה ומידע","url":"/help"}]'),
('welcome_message', 'ברוכים הבאים לפורום חב"ד! הצטרפו לדיונים תורניים, שתפו חידושים, ובנו קהילה.');

-- Default pages
INSERT INTO pages (slug, title, content, sort_order) VALUES
('terms', 'תקנון הפורום', '# תקנון פורום חב"ד

## כללי התנהגות
1. יש לשמור על שפה מכובדת ונעימה
2. אין לפרסם תוכן פוגעני או מעליב
3. אין לפרסם פרסומות ללא אישור
4. יש לכתוב בעברית תקינה
5. דיונים הלכתיים יתנהלו בכבוד ובענווה

## זכויות יוצרים
כל התכנים המפורסמים בפורום שייכים לכותביהם. אין להעתיק תוכן ללא אישור.

## פרטיות
המערכת שומרת על פרטיות המשתמשים. לא נעביר מידע אישי לצד שלישי.', 1),
('privacy', 'מדיניות פרטיות', '# מדיניות פרטיות

פורום חב"ד מכבד את פרטיותך. להלן עיקרי המדיניות:

## מידע שאנו אוספים
- שם משתמש וכתובת אימייל בעת ההרשמה
- תוכן שאתה מפרסם בפורום
- נתוני גלישה אנונימיים

## שימוש במידע
המידע משמש אותנו לצורך הפעלת הפורום בלבד.

## אבטחת מידע
אנו נוקטים באמצעי אבטחה סבירים להגנה על המידע שלך.

## יצירת קשר
לכל שאלה בנושא פרטיות ניתן לפנות דרך עמוד צור קשר.', 2),
('contact', 'צור קשר', '# צור קשר

נשמח לשמוע ממך!

## דרכי יצירת קשר
- **אימייל:** admin@chabad-forum.co.il
- **פורום:** השאר הודעה בפורום שלנו

## שעות פעילות
צוות הניהול פעיל בימים א-ה, בין השעות 9:00-17:00.

## דיווח על בעיות
אם נתקלת בבעיה טכנית או בתוכן בעייתי, אנא דווח לנו ונטפל בכך בהקדם.', 3),
('help', 'עזרה ומידע', '# עזרה ומידע

## איך להשתמש בפורום?
1. **הרשמה** - לחץ על כפתור ההרשמה ומלא את הפרטים
2. **כתיבת אשכול** - בחר קטגוריה ולחץ "אשכול חדש"
3. **תגובה** - היכנס לאשכול וכתוב תגובה בתחתית

## כללים חשובים
- כתוב בנושא שקשור לקטגוריה
- השתמש בכותרת ברורה ומדויקה
- שמור על שפה מכבדת', 4);

-- Announcement
INSERT INTO announcements (title, content, is_active) VALUES
('ברוכים הבאים לפורום חב"ד! 🕎', 'הפורום החדש מוקדש לדיונים תורניים בנושאי חסידות חב"ד, הלכה, שליחות ועוד. הצטרפו לקהילה!', true);
